{
    "accuracy": 0.8157894736842105,
    "precision": 0.8159007455213086,
    "recall": 0.8157894736842105,
    "f1_score": 0.8152734778121775
}